Chaos and order,2014-05-31
Character,2014-06-1
Circle of life,2014-06-2
Communication,2014-06-3
Companionship,2014-06-4
Dangers of ignorance,2014-06-5
Darkness and light,2014-06-6
Desire to escape,2014-06-7
Destruction of beauty,2014-06-8
Disillusionment and dreams,2014-06-9
Empowerment,2014-06-10
Everlasting love,2014-06-11
Fading beauty,2014-06-12
Faith versus doubt,2014-06-13
Family,2014-06-14
Fate and free will,2014-06-15
Fear of failure,2014-06-16
Fulfillment,2014-06-17
Good versus bad,2014-06-17
Greed as downfall,2014-06-18
Growing up,2014-06-19
Heroism,2014-06-20
Immortality,2014-06-21
Man against nature,2014-06-22
Motherhood,2014-06-23
Nature as beauty,2014-06-24
Necessity of work,2014-06-25
Quest for discovery,2014-06-26
Reunion,2014-06-27
Technology in society,2014-06-28