Hello,http://placehold.it/260x300
Hello,http://placehold.it/260x300
Hello,http://placehold.it/260x300
Hello,http://placehold.it/260x300
Hello,http://placehold.it/260x300
Hello,http://placehold.it/260x300
Hello,http://placehold.it/260x300
Hello,http://placehold.it/260x300
Hello,http://placehold.it/260x300
Hello,http://placehold.it/260x300
Hello,http://placehold.it/260x300
Hello,http://placehold.it/260x300
Hello,http://placehold.it/260x300
Hello,http://placehold.it/260x300
Hello,http://placehold.it/260x300
Hello,http://placehold.it/260x300
Hello,http://placehold.it/260x300
Hello,http://placehold.it/260x300
Hello,http://placehold.it/260x300
Hello,http://placehold.it/260x300
Hello,http://placehold.it/260x300
Hello,http://placehold.it/260x300
Hello,http://placehold.it/260x300
