Beach,https://s3.amazonaws.com/ooomf-com-files/ikZyw45kT4m16vHkHe7u_9647713235_29ce0305d2_o.jpg
Country road,https://s3.amazonaws.com/ooomf-com-files/74xDBSTTjJdmPG76VpZw_2.JPG
Shadows,https://s3.amazonaws.com/ooomf-com-files/wkjFpgTwSPnxksbAxnkA_IMG_5192.jpg
Padlocks,https://s3.amazonaws.com/ooomf-com-files/BIR62RGGjGxN5nrbnzwu_3.jpg
Guitar,https://s3.amazonaws.com/ooomf-com-files/hKViPxgDRGuiGns6wv5S_IMG_5317.jpeg
Stump,https://s3.amazonaws.com/ooomf-com-files/4ALUVYYlQLC004zkGhd9_Sunset%20at%20Windermere.jpg
Wheat,https://s3.amazonaws.com/ooomf-com-files/Ov8Hg5LlQriTimkB3PEl_kreativgrund_Weizenfeld.jpg
Hanger,https://s3.amazonaws.com/ooomf-com-files/4fjHtYHdRlSemICxjjBu_IMG_8424.jpg
Web+Moss,https://s3.amazonaws.com/ooomf-com-files/SRkdurVYQFSFkMyHVwSu_spinnenweb-9536.jpg
Rocks,https://s3.amazonaws.com/ooomf-com-files/HHEvkhEsQLaNDRkui4fg_fullsize.jpg
Decay,https://s3.amazonaws.com/ooomf-com-files/91vrBzqgSveXxB03xgrG_patterns.jpg
Leaves,https://s3.amazonaws.com/ooomf-com-files/L3APwvISQ7i8XcFsQYwQ_IMG_1820.jpg
Forest,https://s3.amazonaws.com/ooomf-com-files/3jPYgeVCTWCMqjtb7Dqi_IMG_8251.jpg